asin,title,price,rating,number_of_reviews,bullet_points,seller_rank
B0BBVKQ69R,        D-FantiX Cyclone Boys 3x3 Megaminx Stickerless Speed Cube and Gan Cube Lube Pack of 2       ,    Currently unavailable.   ,,, ,
B08BHZ863S,        DDDCM 3X3X3 Sudoku Magic Cube Arrow Sticker Puzzle 3x3 ，57mm Cube Game Puzzle Children's Toys (Color : 13)       ,       ,5.0 out of 5 stars,2 ratings, ,"
        "
B07Q3F173P,        CuberSpeed YuXin Eight Petals M Magnetic Cube Stickerless YuXin 8 Petals Cube M Cube       ,       ,4.4 out of 5 stars,35 ratings, ,"#446,705 in Toys & Games ("
B09FFCGLG9,        Goliath NEXcube 2x2 Classic - Stickerless Speed Cube - Super Smooth Technology Unlocks Super Speed to Break Records! - Multicolor       ,       ,4.4 out of 5 stars,154 ratings, ,"#106,797 in Toys & Games ("
B01EV3W3LA,"        Duncan Toys Quick Cube 3 X 3, Brain Game Toy       ",       ,4.5 out of 5 stars,433 ratings, ,"#101,361 in Toys & Games ("
B087MDJ8BJ,"        Amazon Basics 68W Two-Port GaN Wall Charger with 1 USB-C Port (50W) and 1 USB-A Port (18W) for Laptops, Tablets and Phones with Power Delivery - White (non-PPS) - Charger Only       ",    Temporarily out of stock.   ,4.7 out of 5 stars,281 ratings,,"
        "
B099F558S1,"        Anker USB C Charger 20W, 511 Charger (Nano Pro), PIQ 3.0 Durable Compact Fast Charger, Anker Nano Pro for iPhone 13/13 Mini/13 Pro/13 Pro Max/12, Galaxy, Pixel 4/3, iPad/iPad mini (Cable Not Included)       ",       ,4.8 out of 5 stars,"14,696 ratings", ,"
        "
,,,,,,
B0953KDH23,        Goliath NEXcube 3x3 + 2x2 Classic - Stickerless Speed Cube - Super Smooth Technology Unlocks Super Speed to Break Records! - Multicolor       ,11,4.5 out of 5 stars,371 ratings, ,"#183,328 in Toys & Games ("
B09MLD78GT,"        GAN 356 M, 3x3 Magnetic Speed Cube Stickerless with GAN 330 Easter Egg Edition Antique Rhyme Key Chain(Hibiscus Red)       ",    Currently unavailable.   ,,, ,
B077XH61NH,        TANCH YJ Pyramid Speed Cube 3X3 Triangle Magic Cube Puzzle Toy Black       ,17,4.7 out of 5 stars,722 ratings, ,"#132,364 in Toys & Games ("
B009UFG67W,"        Shengshou 7x7x7 Cube Puzzle, black       ",    Currently unavailable.   ,4.4 out of 5 stars,191 ratings, ,"#61,945 in Toys & Games ("
B09MLFDRK9,"        GAN 356 M, 3x3 Magnetic Speed Cube Stickerless with GAN 330 Easter Egg Edition Antique Rhyme Key Chain(Loquat Yellow)       ",    Currently unavailable.   ,,, ,
B08881NW2R,        RainbowBox Clover Pyramid Cube Clover Pyraminx Magic Cube Triangle Cube Puzzle Toys       ,       ,5.0 out of 5 stars,1 rating, ,"#681,157 in Toys & Games ("
B086W21VR6,        D-FantiX Cyclone Boys 3x3 2x2 Speed Cube Set Stickerless Magic Cube Bundle 3x3x3 2x2x2 Puzzles Toys       ,    Currently unavailable.   ,4.6 out of 5 stars,28 ratings, ,"#405,161 in Toys & Games ("
B08CY54GJC,        cuberspeed YJ Yeet Ball stickerless Cube Weird Twist Puzzle Ball Ivy Ball Cube Unique Cubes       ,       ,4.6 out of 5 stars,261 ratings, ,"#63,909 in Toys & Games ("
B09BQQLFK3,"        USB C to Lightning Cable 6ft, USB C to USB C Cable 6ft       ",    Currently unavailable.   ,5.0 out of 5 stars,3 ratings, ,
B08KSM2W3D,"        Belkin USB Charger 12W (USB Wall Charger for iPhone, iPad, AirPods, Samsung Galaxy, Google Pixel, More) iPhone Charger, Pixel Charger with 1M (3.3 ft) PVC USB-A to Lightning Cable, WCA002dq       ",    Temporarily out of stock.   ,4.6 out of 5 stars,305 ratings,,"
        "
B0BC14GH5W,        BroMoCub MoYu RS Maglev 3x3 Pyramid Magnetic Magic Speed Cube Moyu 3x3x3 Magic Flagship Maglev Pyraminx Stickerless 3x3 Puzzle Toys       ,    Currently unavailable.   ,,, ,
B0011U9YPK,        SPEED STACKS G4 STACKMAT - Storm       ,       ,4.6 out of 5 stars,100 ratings, ,"#357,840 in Toys & Games ("
B085TH6Y22,        MINIX Android 9.0 Pie Media Hub 4K Ultra HD HDR10+4GB DDR4/32GB eMMC HDMI 4K @ 60Hz 3 x USB 3.0 USB-C [data only] GLAN AC Wi-Fi TF Card (NEO U22-XJ)       ,       ,3.9 out of 5 stars,83 ratings, ,"
        "
B09V49CYQD,"        USB C Wall Charger for 13/12 - [2-Pack] 20W PD Fast Charger USB C Charger Block Adapter,Compatible with - iPhone 13 12/13 Pro/13 Pro Max /13 Mini/11/SE/XS/XR/8, Galaxy S21/S20,iPad Pro,Pixel 5/4 etc       ",    Currently unavailable.   ,4.9 out of 5 stars,14 ratings,,"
        "
B08T5NVDYM,"        Bakugan Geogan, Stingzer, Geogan Rising Collectible Action Figure and Trading Cards       ",7,4.7 out of 5 stars,497 ratings, ,"#13,645 in Toys & Games ("
B096S5YCC6,"        USB C Charger, Anker Nano Charger 20W PIQ 3.0 Durable Compact Fast Charger, PowerPort III Charger for iPhone 12/12 Mini/12 Pro/12 Pro Max/11, Galaxy, Pixel 4/3, iPad Pro (Cable Not Included)       ",    Currently unavailable.   ,4.6 out of 5 stars,14 ratings,,"
        "
B0108F8846,        5boro Custom Funny Gray T Shirt By Terrydaniel Personalized For Men       ,,,, 100% Cotton  ,
B08462ZLXN,        Guncraft Joined Claw 70 S #07 Raw White       ,27,5.0 out of 5 stars,2 ratings, ,"
        "
B07PB375Q4,"        Amazon Basics 65W One-Port USB-C 3.0 Wall Charger for Laptops, Tablets and Phones - White       ",    Currently unavailable.   ,4.6 out of 5 stars,"3,268 ratings",,"
        "
B0B91BQD7F,        USB C Wall Charger iFory 30W Fast Charger with MFi Certified 3ft USBC to Lightning Cable with 18W PD Fast Portable Charger Type C Wall Charger Compatible with iPhone and Samsung       ,    Currently unavailable.   ,,, ,
B087MDHQMB,        Amazon Basics 36W Two-Port USB-C Wall Charger for Tablets and Phones with Power Delivery - Black (non-PPS)       ,    Temporarily out of stock.   ,4.7 out of 5 stars,"1,215 ratings",,"
        "
B084N1672R,"        Belkin Braided USB Type C to Lightning Cable 3.3FT/1M, MFi Certified iPhone Fast Charger Compatible with iPhone 14, 14 Plus, 14 Pro, 14 Pro Max, 13, 13 Mini, SE, 12, iPad, AirPods, AirPods Pro - Black       ",    Temporarily out of stock.   ,4.6 out of 5 stars,"3,377 ratings",,"
        "
B08FCR92CP,"        Bakugan Geogan Deka, Stardox, Jumbo Collectible Transforming Figure, Kids Toys for Boys       ",7,4.8 out of 5 stars,"2,054 ratings", ,"#3,584 in Toys & Games ("
B07R8JVQMK,"        UltraPro GE 4 Port USB Charging Station, 6 Ft Braided Cord, 24 Watt/4.8 AMP, For iPhone 13/12/11/Pro/Pro Max/Mini, iPad Pro, Samsung Galaxy S21, Google Pixel 6, UL Listed, White, 44139-T1       ",    Temporarily out of stock.   ,4.6 out of 5 stars,"1,229 ratings", ,"
        "
B09PDS245K,"        65W USB C Charger Set, AOHI Magcube 65W PD Fast Charger with USB C to Lightning Cable for iPhone 13(3ft MFi-Certified), iPhone 13/13 Pro/12/Pro/Mini       ",    Currently unavailable.   ,5.0 out of 5 stars,3 ratings, ,"
        "
B07TB4PWCZ,"        iHome Multiport USB-C Charger : AC Pro 2-Port Flat USB C Charger Block, Double USB C Wall Charger, Power Delivery & Fast Charging Compatible USB-C Wall Charger       ",    Currently unavailable.   ,4.5 out of 5 stars,332 ratings,,"
        "
B08S7LY3MV,"        Bakugan Geogan Brawler 5-Pack, Exclusive Hyenix and Insectra Geogan and 3 Collectible Action Figures       ",7,4.7 out of 5 stars,"1,983 ratings", ,"#13,307 in Toys & Games ("
B084H462W1,"        iHome 2 Port USB Wall Charger: AC Pro Multiport USB Charger, USB Plug Adapter & Phone Charging Block, Double USB Wall Plug, Flat 2 Port USB Charger & USB Wall Adapter       ",    Temporarily out of stock.   ,4.7 out of 5 stars,"4,552 ratings",,"
        "
B08H4PF8GH,"        Mike & Ike, Mega Mix, 28.8 Ounce       ",       ,4.7 out of 5 stars,575 ratings,,
B0921CDMRL,"        Belkin USB-C Wall Charger 20W - PD Fast Charging USB-C Adapter - Ultra Compact Type C Port Mini Charging Block for iPhone 13 series, 12 series, 11 series, Samsung Galaxy, Pixel, and more       ",       ,4.7 out of 5 stars,868 ratings, ,"
        "
B084N5HBP8,"        Bakugan Starter Pack 3-Pack, Fused Pharol x Gillator Ultra, Armored Alliance Collectible Action Figures       ",7,4.7 out of 5 stars,"4,347 ratings", ,"#2,483 in Toys & Games ("
B07FXNG1R7,        Dragon Alliance NFX2 Ski Goggles       ,       ,4.4 out of 5 stars,92 ratings, Polycarbonate frame  ,
B09PGXRSNZ,        PD Power Strip Cube + 68W Dual Port USB C Charger       ,    Currently unavailable.   ,,, ,"#781,818 in Electronics ("
B082WK6DFT,"        Universal Travel Plug Adapter by Ceptics - Powerful 33W with PD & QC 3.0 USB-C Fast Charging - 2 USB Ports Wall Charger Type I C G A Outlets 110V 220V A/C - EU Euro US UK, Model: UP-10KU-W       ",13,4.5 out of 5 stars,104 ratings, ,"
        "
B000FDO2K6,        Bones Speed Cream Skate Bearing Lubricant       ,,4.8 out of 5 stars,"3,825 ratings",,"
        "
B0B9L75PC9,        GAN328 Mini Magic Cube Keychain 3x3 Puzzle Speed Cubes Key Chain Stress Relief Educational Toys As Shown       ,17,,, ,
B07B2SW5S3,        SPEED STACKS Pro Cubing G4 Graphite Mat Only       ,75,,,,
B002MQ1IY2,        Speed Stacks StackMatA G4 Pro Timer Timer       ,       ,3.9 out of 5 stars,3 ratings, ,"
        "
B08SQJQPY7,        Z3X LG + SAMS Pro Dongle       ,148,5.0 out of 5 stars,1 rating, Stable solution for LG and Sams phones servicing  ,"
        "
B09MV3ZZ57,"        SAMSUNG 45W Power Adapter (w/Cable C-to-C), Black       ",       ,4.7 out of 5 stars,"15,814 ratings",,"
        "
B076T5L1CK,        Dragon NFX2 Snow Goggle Replacement Lens (NFX2 / Rose Luma 35% VLT)       ,       ,,, ,"#1,582,700 in Sports & Outdoors ("
B00B4D3Z86,        SPEED STACKS stem       ,       ,4.7 out of 5 stars,192 ratings, ,"#185,330 in Toys & Games ("
B000UKUHXK,"        Super Lube 51004 Synthetic Oil with PTFE, High Viscosity, 4 oz Bottle,Translucent white       ",       ,4.8 out of 5 stars,"3,103 ratings", ,
B08TTH2PSH,"        Belkin USB C Wall Charger 32W C to Lightning Cable Included PD with 20W USB C & 12W USB A Ports for USB-C Power Delivery Compatible with iPhone 12, 12 Pro, 12 Pro Max, iPad, AirPods and More       ",    Currently unavailable.   ,4.7 out of 5 stars,128 ratings," 20W USB-PD technology charges iPhone 8 or later from 0-50% in 30 minutes, and other smartphones/tablets at optimal speeds*   ","
        "
B092PRSQMX,"        Belkin 25W Power Delivery USB C PPS Wall Charger, USB Type C PD Power Adapter PPS enabled fast charger for iPhone 13, 12, 11, Pro, Pro Max, Mini, iPad, Galaxy S20, Ultra, Note 20, Tab, and More       ",    Temporarily out of stock.   ,4.7 out of 5 stars,807 ratings,,"
        "
B0175BSI28,        Super Impulse World's Smallest Rubik Collectable (503)       ,       ,4.5 out of 5 stars,"6,775 ratings", ,"#5,473 in Toys & Games ("
B01JLXTQ1U,"        Nekmit Dual Port Ultra Thin Flat USB Wall Charger with Smart IC, White       ",       ,4.7 out of 5 stars,"11,543 ratings",,"
        "
B0006Q01PC,"        Intrinsics 407300 Petite Silken Wipes - 2""x2"", 4-ply Blend of Soft Fibers, 200 Count       ",5,4.8 out of 5 stars,"3,374 ratings"," APPLY: Low absorbent blend of fibers, makes this wipe ideal for applying product to the skin without wasting expensive beauty creams and liquids. Leaves more of the product on the skin and less on the wipe. Save time and money  ",
B07G5F8Q1J,"        ECR4Kids SoftZone Mirror Cube - Foam Sensory Toy for Baby / Toddler Play & Self-Discovery, Assorted Colors       ",    Temporarily out of stock.   ,4.7 out of 5 stars,208 ratings, ,"
        "
B088JZPKR3,        Red Book Backpack Hat Study China Red Magic Cube Puzzle 3x3 Toy Game Play       ,25,,, ,
B07DJJV7GM,        The Sherlock – Wooden Puzzle Game       ,7,4.6 out of 5 stars,670 ratings, ,"#96,504 in Toys & Games ("
B0773JCTR5,"        Amazon Basics One-Port 12W USB Wall Charger for Phone, iPad, and Tablet, 2.4 Amp, White, 2 Pack       ",    Currently unavailable.   ,4.7 out of 5 stars,"29,334 ratings",,"
        "
B08P41TMX8,"        Belkin Wall Mount - 2 AC Multiple Outlets & 2 USB C Fast Charger, Wall Charger for MacBook Pro, iPhone 11/12 Pro Max, Galaxy S20+/Note 20 Ultra, Home, Office, Travel & Desktop - White       ",59,4.7 out of 5 stars,29 ratings," Power Strip with USB-C Ports: Developed for professional settings, this mini wall charger turns 1 standard outlet into 2 AC outlets with 2 high-speed USB-C charging ports to power up your MacBook Pro, iPhone, and smartphones. One charging station for a clutter-free desk.  ","
        "
B08FCQM2SS,"        Bakugan Geogan Brawler 5-Pack, Exclusive Mutasect and Viperagon Geogan and 3 Collectible Action Figures, Kids Toys for Boys       ",7,4.8 out of 5 stars,"1,684 ratings", ,#918 in Toys & Games (
B076SVDR3X,        Dragon NFX2 Snow Goggle Lense       ,       ,4.8 out of 5 stars,13 ratings, ,"
        "
B09G15SX3H,"        Anker New Nylon USB C to USB C Cable 100W 10ft + USB C Charger Nano II 65W GaN II PPS Fast Charger Adapter,       ",    Currently unavailable.   ,4.8 out of 5 stars,193 ratings,,"
        "
B0836SFMW6,        ガンクラフト ジョインテッドクロー 70用スペアテール GANCRAFT Jointed Claw Spare Tail       ,,,, Quantity: 2 pieces  ,
B087MFL8DM,        Amazon Basics 30W One-Port GaN USB-C Wall Charger for Tablets and Phones with Power Delivery - Black (non-PPS)       ,    Currently unavailable.   ,4.7 out of 5 stars,384 ratings,,"
        "
B00UFX7CJY,        Speed Stacks Tournament Display Pro       ,       ,4.4 out of 5 stars,13 ratings, ,"#245,424 in Toys & Games ("
B087MFLLCR,"        Amazon Basics 65W One-Port GaN USB-C Wall Charger for Laptops, Tablets and Phones with Power Delivery - Black (non-PPS)       ",    Currently unavailable.   ,4.4 out of 5 stars,123 ratings,,"
        "
B005DPZ49Y,        ガンクラフト ジョインテッドクロー 178用 スペアテール GANCRAFT Jointed Claw       ,6,,, ,"#1,625,586 in Sports & Outdoors ("
B08PHG9741,"        GaN 66W USB C Charger, HyperJuice 3-Ports USB-C Power Adapter with PD3.0 QC3.0 Foldable Plug 65W Type-C Charger for Laptop, Smartphone, iPhone 11 12 Mini Pro Max XR, iPad Pro, MacBook Pro Air, White       ",       ,4.2 out of 5 stars,69 ratings, ,"
        "
B002LLOM5A,"        GAN Craft Jointed Claw Lure, Sweetfish       ",62,,, ,"#1,547,234 in Sports & Outdoors ("
B0182KR2LO,"        Speed Stacks | G5 Stackmat (Timer and Mat) | Accuracy to 0.001 Seconds, Batteries Included | Endorsed by Sport Stacking and Cubing associations       ",    Currently unavailable.   ,4.8 out of 5 stars,394 ratings, ,"#30,030 in Toys & Games ("
B08F9HGJS6,        Apple 30W USB-C Power Adapter       ,    Currently unavailable.   ,4.8 out of 5 stars,"1,456 ratings",,
B0BBTMZPMC,        D-FantiX Shengshou Mirror Cube 3x3x3 Speed Cube 57mm and 2 Pieces Gan Lube 10ML       ,    Currently unavailable.   ,,, ,
B00DXGDIAW,        Gan Craft/Gun Craft Jointed Claw Magnum/zyointeddokuro-magunamu 230        ,98,,,,"#859,055 in Sports & Outdoors ("
B08Y6GNTTQ,"        Replacement Charger for MacBook Pro,61W USB-C to USB-C Ac Adapter Power Charger for Mac Book Pro,MAX 96W       ",       ,4.2 out of 5 stars,407 ratings, ,"
        "
B08M6G81V4,"        Belkin USB C GaN Wall Charger 20W Fast Charging PD USB-C Power Delivery for iPhone 13, 12, 11, Pro, Pro Max, Mini, iPad, AirPods, Galaxy S22, S21, Plus, Ultra, and More       ",    Temporarily out of stock.   ,4.5 out of 5 stars,157 ratings,,"
        "
B08NPF1V4K,        ガンクラフト(Gan Craft)       ,24,,, ,"#814,871 in Sports & Outdoors ("
B0B54P1QW2,        Bokefenuo GAN12 M Leap Magnetic Cube 3x3 GAN12 Leap M Puzzle Magic Cube Speed Professional Competition Cube       ,    Currently unavailable.   ,,,,
B095X275GM,"        Keychains Mini Cube Puzzle Party Favors, School Carnival Reward Party Bag Gift Fillers       ",       ,4.5 out of 5 stars,2 ratings, ,"
        "
B087MFJCQ4,        Amazon Basics 30W One-Port GaN USB-C Wall Charger for Tablets and Phones with Power Delivery - White (non-PPS)       ,    Currently unavailable.   ,4.6 out of 5 stars,221 ratings,,"
        "
B01N48EBGG,        Brainwright - QBOID - The 1-2-3 Pocket Brain Teaser Fidget Puzzle       ,       ,4.4 out of 5 stars,288 ratings, ,"#58,727 in Toys & Games ("
B08R6TP9YR,"        Anker Power Strip with USB C, PowerExtend USB-C 3 Cube with 3 Outlets and 30W USB C, 5 ft Extension Cord, Power Delivery High-Speed Charging for iPhone 12/12Pro/12ProMax, Cruise Ship Travel Essential       ",73,4.7 out of 5 stars,"2,902 ratings", ,"
        "
B078SJ9F5S,"        Genius Mushroom – Lions Mane, Cordyceps and Reishi – Immune System Booster & Nootropic Brain Supplement – Wellness Formula for Natural Energy, Memory & Liver Support, 90 Veggie Pills       ",       ,4.4 out of 5 stars,"27,956 ratings",,
B09GH6ZFB4,"        Belkin 40W USB-C PD Wall Charger, Dual USB-C Ports for 20W Per Port Fast Power Delivery Enabled Charging for iPhone 13, 13 Pro, 13 Pro Max, 12, 12 Pro, 12 Pro Max, Mini, iPad Pro, Galaxy, and More       ",       ,4.8 out of 5 stars,713 ratings,,"
        "
B087MFDTL4,"        Amazon Basics 68W Two-Port GaN USB-C Wall Charger (50W + 18W) for Laptops, Tablets and Phones with Power Delivery - Black (non-PPS),Black(68W)       ",    Currently unavailable.   ,4.6 out of 5 stars,325 ratings,,"
        "
B0B4ZNDT1S,"        GANXIN Poker Shot Clock, Seconds Countdown Timer for Poker/Casino/Chess Tournament,20/30 Sec and Custom Time,4-Sides Cube Timer (Small,Green)       ",105,5.0 out of 5 stars,5 ratings, ,"
        "
B07ST2GLR8,        CuberSpeed 6x6 Mastermorphix stickerless Magic Cube       ,       ,4.8 out of 5 stars,17 ratings, ,"#593,112 in Toys & Games ("
B08725C389,        D-FantiX Cyclone Boys 3x3 Speed Cube (56mm) and Cyclone Boys 4x4 Speed Cube (60mm)       ,    Currently unavailable.   ,4.6 out of 5 stars,6 ratings, ,
B08JS8JYY1,"        Rubik's Cube 3x3 Puzzle, Original Rubik's Product, Includes Removable Mod Stickers to Customize, Toy for Kids Ages 8 and Up       ",4,4.7 out of 5 stars,"1,638 ratings", ,"#17,659 in Toys & Games ("
B0918KZC9N,        Cuberspeed QY Toys Super Ivy Cube stickereless Skewb Cube Puzzles Eitan Ivy Leaf Cube       ,       ,4.3 out of 5 stars,17 ratings, ,"#362,676 in Toys & Games ("
B07R324678,        CuberSpeed QY Toys Fisher Cube stickerless Puzzle       ,       ,4.9 out of 5 stars,31 ratings, ,"#233,459 in Toys & Games ("
B08CRLTF8V,        RainbowBox Gear Cube 3×3 Gear Magic Cube Stickerless 3D Puzzle Gear Cube Twisty 3D Puzzle Brain Teasers Puzzles Toys       ,       ,4.4 out of 5 stars,95 ratings, ,"#171,721 in Toys & Games ("
B01N1G786D,        Cuberspeed 2x2 Mirror Black Body with Silver Magic Cube Mirror Silver Blocks 2x2x2 Speed Cube       ,       ,4.5 out of 5 stars,153 ratings, ,"#181,405 in Toys & Games ("
B091KB5X3W,        Goliath NexCube 3x3 Classic - Stickerless Speed Cube - Super Smooth Technology Unlocks Super Speed to Break Records! - Multicolor       ,    Temporarily out of stock.   ,4.6 out of 5 stars,961 ratings, ,"#99,898 in Toys & Games ("
B00TVM6CMS,        Rubik's Cube Miniature Edition- Pocket Sized 3D Puzzle       ,11,4.5 out of 5 stars,497 ratings, ,"#21,863 in Toys & Games ("
B01L7JUW5K,        Cuberspeed Pyramorphix Stickerless Magic Cube Mastermorphix 2x2 Stickerless Speed Cube Puzzle       ,       ,4.5 out of 5 stars,72 ratings, ,"#200,243 in Toys & Games ("
B01IGIM51Y,"        Roxenda Speed Cube Set, Speed Cube Bundle of 2x2 3x3 Megaminx Pyramid Cube and Magic Rainbow Ball Smoothly Magic Cubes Collection for Kids & Adults [5 Pack]       ",    Currently unavailable.   ,4.7 out of 5 stars,277 ratings, ,"#191,382 in Toys & Games ("
B08TW74RZ7,        Project Genius Pyraminx Crystal       ,    Temporarily out of stock.   ,4.3 out of 5 stars,22 ratings, ,"#132,333 in Toys & Games ("
B07YYFHBPH,"        AROIC 21 Pack Mini Cubes, Puzzle Toys, Stress Relief Toys, Party Favors，Birthday Party Gifts,Party Supplies for Boys and Girls.       ",    Temporarily out of stock.   ,4.5 out of 5 stars,"1,289 ratings", ,"#8,065 in Toys & Games ("
B0BBTRQMQQ,        D-FantiX QYTOYS Qiyuan S 4x4 Speed Cube and Gan Cube Lube 10ML Pack of 2       ,    Currently unavailable.   ,,, ,
B00DEFIHRG,"        PYRAMINX by Mefferts- Speed Cube, One-player games, Twisty Puzzle, Brain Teasers       ",       ,4.4 out of 5 stars,29 ratings, ,"#285,289 in Toys & Games ("
B089P38LCY,"        Belkin USB-PD GaN Charger 30W (USB-C Fast Charger Designed for iPhone, MacBook Air, iPad Pro, Pixel, Galaxy, more) iPhone Fast Charger, USB-C Power Delivery (WCH001dqWH)       ",    Currently unavailable.   ,4.7 out of 5 stars,480 ratings,,"
        "
B0881Y5HK7,        Speed Stacks Pro Gen4 Timer StackMat Minuteur Chronometre + Sac Bag       ,127,,,,"#319,541 in Toys & Games ("
B09KJK2L6N,"        Rubik’s Crystal, New Transparent 3x3 Cube Classic Color-Matching Problem-Solving Brain Teaser Puzzle Game Toy, for Kids and Adults Aged 8 and up       ",11,4.7 out of 5 stars,703 ratings, ,"#1,262 in Toys & Games ("
B08467TLWS,        Pyraminx Duo       ,    Temporarily out of stock.   ,4.5 out of 5 stars,42 ratings, ,"#200,847 in Toys & Games ("
B01EXJW7W2,,,,,,
B01M0BIPWU,        Speed Stacks | Cubing Pack (G5 Timer and Mat) | Accuracy to .001 Seconds | Designed for Competitive Cubing | Endorsed by The World Cubing Association       ,       ,4.8 out of 5 stars,256 ratings, ,"#37,403 in Sports & Outdoors ("
B07H2FBXZG,"        Roxenda Speed Cube Set, Stickerless Magic Cube Set of 2x2x2 3x3x3 Pyramid Frosted Puzzle Cube       ",10,4.6 out of 5 stars,"6,259 ratings", ,"#7,479 in Toys & Games ("
B07Q2WN174,"        Roxenda Speed Cube Set, [5 Pack] Magic Cube Bundle of 2x2 3x3 Skew Megaminx Cube and Pyramid Cube Smoothly Speed Cubes Collection for Kids Teens & Adults (Black)       ",    Currently unavailable.   ,4.7 out of 5 stars,871 ratings, ,"#42,042 in Toys & Games ("
B09J9ZCN1L,"        Rubik’s Master, The Official 4x4 Cube Classic Color-Matching Problem-Solving Brain Teaser Puzzle 1-Player Game Toy, for Adults & Kids Ages 8 and up       ",    Temporarily out of stock.   ,4.5 out of 5 stars,78 ratings, ,"#7,028 in Toys & Games ("
B092W7D64G,"        Rubik's Cube, The Original 3x3 Cube 3D Puzzle Fidget Cube Stress Relief Fidget Toy Brain Teasers Travel Games, for Adults and Kids Ages 8 and up       ",18,4.7 out of 5 stars,"45,178 ratings", ,#48 in Toys & Games (
B07W5QM4DP,"        SHASHIBO Shape Shifting Box - Award-Winning, Patented Fidget Cube w/ 36 Rare Earth Magnets - Extraordinary 3D Magic Cube – Shashibo Cube Magnet Fidget Toy Transforms Into Over 70 Shapes (Spaced Out)       ",5,4.6 out of 5 stars,"38,855 ratings", ,#11 in Toys & Games (
B0B2D8PYDZ,"        D-FantiX Cyclone Boys Original Magnetic Speed Cube 3x3x3, Mirror Reflective Stickerless Magic Cube, Personalized Shiny Cube Puzzles for Kids Adults (56mm)       ",    Currently unavailable.   ,4.9 out of 5 stars,17 ratings, ,"#29,806 in Toys & Games ("
B0953LVZ9D,        Goliath NEXcube 3x3 Classic - Stickerless Speed Cube - Super Smooth Technology Unlocks Super Speed to Break Records! - Multicolor       ,9,4.5 out of 5 stars,245 ratings, ,"#36,901 in Toys & Games ("
B001PGWDSU,        V-Cube 7 Pillowed       ,       ,3.8 out of 5 stars,477 ratings, ,"#370,393 in Toys & Games ("
B09MLDR1VZ,"        GAN 356 M, 3x3 Magnetic Speed Cube Stickerless with GAN 330 Easter Egg Edition Antique Rhyme Key Chain(Rock Brown)       ",    Currently unavailable.   ,5.0 out of 5 stars,2 ratings, ,"
        "
B08MQF354M,"        GAN 356 R S, 3x3 Speed Cube with GAN 330 Speed Cube Key Chain       ",    Currently unavailable.   ,4.3 out of 5 stars,14 ratings, ,"
        "
B08MPLVMVM,"        GAN 249 V2, 2x2 Speed Cube Gans Mini Cube 49mm Puzzle Toy with GAN 330 Speed Cube Key Chain       ",    Currently unavailable.   ,4.3 out of 5 stars,5 ratings, ,"
        "
B09Z2QYS6Y,"        GAN 12 Maglev UV Coated, 3x3 Stickerless Speed Cube Gans 56mm Magic Cube with GAN 3x3 Non-Smart Cube Display Stand, Plastic Speed Cube Holder Adjustable Puzzle Cube Accessories       ",    Currently unavailable.   ,5.0 out of 5 stars,1 rating, ,"#240,306 in Toys & Games ("
B09MLGBZ88,"        GAN Robot, Cube Solving Machine Automatic Puzzle Scrambler & Solver with GAN 356 i Carry Stickerless Cube Intelligent Tracking Timing Movements Steps with CubeStation App       ",    Currently unavailable.   ,3.9 out of 5 stars,12 ratings, ,"#397,829 in Toys & Games ("
B08DFBKMXG,"        GAN 356 RS, 3x3 Speed Magic Cube Stickerless Bundle with GAN 249 V2, 2x2 Speed Mini Magic Cube 49mm Stickerless       ",    Currently unavailable.   ,4.6 out of 5 stars,123 ratings, ,"#42,980 in Toys & Games ("
