asin,price,rating,number_of_reviews,bullet_points,seller_rank
B08467DT31,       ,,, ,"#323,423 in Toys & Games ("
B01EV3W3LA,       ,4.5 out of 5 stars,431 ratings, ,"#79,738 in Toys & Games ("
B008RQDTH0,    Currently unavailable.   ,2.9 out of 5 stars,64 ratings, ,"#356,871 in Toys & Games ("
B0971WX6C3,    Temporarily out of stock.   ,4.6 out of 5 stars,42 ratings, ,"#164,621 in Toys & Games ("
B07HHGLPGX,20,5.0 out of 5 stars,1 rating, ,"#579,408 in Toys & Games ("
B01IGIM51Y,    Currently unavailable.   ,4.7 out of 5 stars,277 ratings, ,"#106,682 in Toys & Games ("
B01N1G786D,       ,4.5 out of 5 stars,153 ratings, ,"#117,206 in Toys & Games ("
B08CRLTF8V,17,4.4 out of 5 stars,95 ratings, ,"#155,426 in Toys & Games ("
,,,,,
B08XC2DJ7W,       ,4.5 out of 5 stars,9 ratings, ,"#169,223 in Toys & Games ("
B001PGWDSU,       ,3.8 out of 5 stars,477 ratings, ,"#357,250 in Toys & Games ("
B08B84KLG6,14,4.7 out of 5 stars,506 ratings, ,"#125,560 in Toys & Games ("
B006T0HQ8O,       ,4.4 out of 5 stars,278 ratings, ,"#234,968 in Toys & Games ("
B076YNPK4Q,7,4.7 out of 5 stars,815 ratings, ,"#207,446 in Toys & Games ("
B09FFCGLG9,       ,4.4 out of 5 stars,152 ratings, ,"#132,007 in Toys & Games ("
B004W6K02G,       ,4.0 out of 5 stars,34 ratings, ,"#591,671 in Toys & Games ("
B0B1HBC4FZ,       ,,,,"#1,042,862 in Toys & Games ("
B0B1HHGLKD,       ,,,,"#1,044,266 in Toys & Games ("
B00J8OSJLG,    Currently unavailable.   ,4.0 out of 5 stars,8 ratings, ,"#585,798 in Toys & Games ("
B0051YV5X6,    Temporarily out of stock.   ,4.0 out of 5 stars,4 ratings, ,"
        "
B01L7JUW5K,       ,4.5 out of 5 stars,72 ratings, ,"#330,833 in Toys & Games ("
B01MXVATF9,9,3.4 out of 5 stars,3 ratings,,
B003631BOM,       ,4.5 out of 5 stars,36 ratings, ,"#633,682 in Toys & Games ("
B089HN7624,    Temporarily out of stock.   ,4.4 out of 5 stars,8 ratings, ,"#140,295 in Toys & Games ("
B008RQDWFE,6,2.9 out of 5 stars,12 ratings, ,"
        "
B005FLM6PG,    Currently unavailable.   ,4.1 out of 5 stars,30 ratings, ,"#443,024 in Toys & Games ("
B08L5DTNWL,    Currently unavailable.   ,3.5 out of 5 stars,2 ratings, ,"#620,995 in Toys & Games ("
B07V54973H,    Currently unavailable.   ,4.4 out of 5 stars,113 ratings, ,"#415,918 in Toys & Games ("
B009SDK2I0,       ,4.1 out of 5 stars,160 ratings, ,"#368,148 in Toys & Games ("
B08NQ11WB2,       ,,, ,"#1,157,030 in Toys & Games ("
B08FJDT5BN,    Currently unavailable.   ,3.5 out of 5 stars,2 ratings, ,"#980,957 in Toys & Games ("
B0051YVGXA,    Temporarily out of stock.   ,3.9 out of 5 stars,16 ratings, ,"
        "
B01N9U3IRR,12,4.5 out of 5 stars,272 ratings, ,"#123,226 in Toys & Games ("
B07P5W6ZMB,       ,,, ,"#999,157 in Toys & Games ("
B08L1YM9CF,    Currently unavailable.   ,,, ,"#1,030,663 in Toys & Games ("
B08BHKX3MD,       ,,, ,
B08L5JRWQR,    Currently unavailable.   ,,, ,"#1,195,879 in Toys & Games ("
B08K745LVH,    Currently unavailable.   ,,, ,"#1,139,619 in Toys & Games ("
B0B5BDZQQK,10,,, ,"#803,951 in Toys & Games ("
B08L5FTNJH,    Currently unavailable.   ,,, ,"#1,163,296 in Toys & Games ("
B08L4P524D,    Currently unavailable.   ,,, ,"#1,105,325 in Toys & Games ("
B08WPPFPTJ,    Currently unavailable.   ,4.9 out of 5 stars,14 ratings, ,"#399,142 in Toys & Games ("
B08LSJ2N5R,    Currently unavailable.   ,,, ,"#1,072,031 in Toys & Games ("
B08L41HBDM,    Currently unavailable.   ,,, ,
B08L4GRP1Z,    Currently unavailable.   ,,, ,
B08L41XQ7C,    Currently unavailable.   ,,, ,"#1,240,274 in Toys & Games ("
B01LW7446E,       ,,, ,
B08L4MPXYD,    Currently unavailable.   ,,, ,"#1,196,203 in Toys & Games ("
B07MQP669M,9,4.6 out of 5 stars,454 ratings, ,"#33,806 in Toys & Games ("
B08BFZQQCV,28,,, ,"#1,388,649 in Toys & Games ("
B08BHPQDJK,       ,,, ,"#1,449,788 in Toys & Games ("
B08BHTQ79J,       ,,, ,
B08BHY842L,       ,,, ,
B08BJ2WRHT,       ,,, ,
B08BJ2Z44H,       ,,, ,
B08BJ4ZGHQ,       ,,, ,
B010W5F052,11,,, ,
B08BJ772FF,       ,,, ,
B00005J36F,11,4.4 out of 5 stars,"1,177 ratings", ,"#13,737 in Toys & Games ("
B08K73RCB1,    Currently unavailable.   ,,, ,
B08KJLC8WS,    Currently unavailable.   ,,, ,"#1,355,575 in Toys & Games ("
B08KN23CGG,    Currently unavailable.   ,,, ,"#1,435,710 in Toys & Games ("
B08KNHLKDV,    Currently unavailable.   ,,, ,
B08KNHPQ25,    Currently unavailable.   ,,, ,"#1,390,948 in Toys & Games ("
B08L4N151P,    Currently unavailable.   ,,, ,"#1,366,422 in Toys & Games ("
B08L3ZYMZM,    Currently unavailable.   ,,, ,
B08L4NDXG3,    Currently unavailable.   ,,, ,
B08L4PX7BJ,    Currently unavailable.   ,,, ,"#1,426,201 in Toys & Games ("
B08L4PFS1Q,    Currently unavailable.   ,,, ,"#1,375,023 in Toys & Games ("
B08L4Q11M8,    Currently unavailable.   ,,, ,
B08L4QKXZB,    Currently unavailable.   ,,, ,
B08L4QX6VC,    Currently unavailable.   ,,, ,
B08L4RM7HT,    Currently unavailable.   ,,, ,
B08L4RTPN2,    Currently unavailable.   ,,, ,"#1,237,329 in Toys & Games ("
B08L4RX798,    Currently unavailable.   ,,, ,
B08L4T3Y4P,    Currently unavailable.   ,,, ,
B08L4TJ8VT,    Currently unavailable.   ,,, ,"#1,351,848 in Toys & Games ("
B08L5D7D7C,    Currently unavailable.   ,,, ,"#1,278,563 in Toys & Games ("
B08L5DGVTQ,    Currently unavailable.   ,,, ,
B08L5DKZCW,    Currently unavailable.   ,,, ,
B08L5DR7K5,    Currently unavailable.   ,,, ,"#1,426,213 in Toys & Games ("
B08L5FK27G,    Currently unavailable.   ,,, ,"#1,340,937 in Toys & Games ("
B08L5FLXNF,    Currently unavailable.   ,,, ,
B08L5GNHYX,    Currently unavailable.   ,,, ,"#1,405,487 in Toys & Games ("
B08L5GQ6KP,    Currently unavailable.   ,,, ,
B08L5G3HPP,    Currently unavailable.   ,,, ,"#1,420,691 in Toys & Games ("
B08L5GZF25,    Currently unavailable.   ,,, ,"#1,433,702 in Toys & Games ("
B08L5H4YJY,    Currently unavailable.   ,,, ,
B08L5HPC8Q,    Currently unavailable.   ,,, ,
B08L5HQ5YQ,    Currently unavailable.   ,,, ,"#1,380,863 in Toys & Games ("
B08L5J35C7,    Currently unavailable.   ,,, ,"#1,229,137 in Toys & Games ("
B08LS5R4QB,    Currently unavailable.   ,,, ,"#1,274,953 in Toys & Games ("
B08LS5Y8JC,    Currently unavailable.   ,,, ,"#1,379,121 in Toys & Games ("
B08LS6YDV6,    Currently unavailable.   ,,, ,"#1,414,315 in Toys & Games ("
B08LSZBY1L,    Currently unavailable.   ,,, ,"#1,215,403 in Toys & Games ("
B08LS93JKJ,    Currently unavailable.   ,,, ,"#1,342,605 in Toys & Games ("
B08LT1FM2G,    Currently unavailable.   ,,, ,
B08LSSWJTL,    Currently unavailable.   ,,, ,
B0B5M2DMPM,13,,, ,
B0936PJZDP,       ,,, ,
B0B5M2LQ3Q,13,,, ,
B08LSNRXK5,    Currently unavailable.   ,5.0 out of 5 stars,1 rating, ,"#813,820 in Toys & Games ("
B083N17RSJ,5,3.8 out of 5 stars,57 ratings, ,"#190,789 in Toys & Games ("
B00S87D6US,9,3.8 out of 5 stars,17 ratings, ,"#595,066 in Toys & Games ("
B08LSZBM6G,    Currently unavailable.   ,5.0 out of 5 stars,1 rating, ,"#1,238,475 in Toys & Games ("
B01LZ2Q9DJ,       ,5.0 out of 5 stars,1 rating, ,"#1,003,715 in Toys & Games ("
B08L4353CL,    Currently unavailable.   ,,, ,"#1,219,124 in Toys & Games ("
B01LWZF09F,22,4.6 out of 5 stars,2 ratings, ,"#966,651 in Toys & Games ("
B08NC3C8L1,    Currently unavailable.   ,5.0 out of 5 stars,2 ratings, ,"#812,258 in Toys & Games ("
B078XHBSLT,2,4.7 out of 5 stars,"1,068 ratings", ,"#12,535 in Toys & Games ("
B08LSBJ57J,    Currently unavailable.   ,5.0 out of 5 stars,1 rating, ,"#1,052,464 in Toys & Games ("
B087FDCD79,    Currently unavailable.   ,4.0 out of 5 stars,1 rating, ,"#991,832 in Toys & Games ("
B01LZ9BO87,       ,5.0 out of 5 stars,1 rating, ,"#988,622 in Toys & Games ("
B089D1JZ9R,13,,,,
B08BFXYGMT,       ,,, ,
B08BFZD28R,       ,,, ,
B08KMLGVYN,    Currently unavailable.   ,,, ,"#974,432 in Toys & Games ("
B08L4TKPD8,    Currently unavailable.   ,,, ,"#1,051,737 in Toys & Games ("
B08BHP37TB,       ,,, ,
B08BHPF646,       ,,, ,
B0092ZAYLO,18,4.6 out of 5 stars,761 ratings, ,"#33,473 in Toys & Games ("
B08BHRDQN9,       ,,, ,
B08BHXZRTK,       ,,, ,
B08BHTM7CH,       ,,, ,
B0916WPFF7,       ,,, ,
B000JMCPAC,11,4.0 out of 5 stars,1 rating, ,"#1,239,253 in Toys & Games ("
B008RQV6PC,       ,4.0 out of 5 stars,1 rating, ,"#1,202,580 in Toys & Games ("
B09N97T2HK,       ,,, ,"#1,232,275 in Toys & Games ("
B01M17E5TH,       ,5.0 out of 5 stars,5 ratings, ,"#807,547 in Toys & Games ("
B08K4T85WN,    Currently unavailable.   ,,, ,"#1,147,247 in Toys & Games ("
B08KN3J9BG,    Currently unavailable.   ,,, ,"#1,102,697 in Toys & Games ("
B0B5LYHJXC,    Currently unavailable.   ,,, ,"#1,043,400 in Toys & Games ("
B01LYA7UZG,       ,5.0 out of 5 stars,1 rating, ,"#953,834 in Toys & Games ("
B08NPXGW17,       ,,, ,
B08KYF2W45,    Currently unavailable.   ,2.0 out of 5 stars,1 rating, ,"#896,059 in Toys & Games ("
B089T8ZHQL,       ,,, ,
B089RZ3421,       ,,, ,
B08NPZSSG7,       ,,, ,
B08KNCWBPG,    Currently unavailable.   ,,, ,"#941,165 in Toys & Games ("
B09XLKZ3F6,12,,, ,
B085G2SFQW,       ,,, ,"#1,051,080 in Toys & Games ("
B08L4QSD98,    Currently unavailable.   ,,, ,"#815,065 in Toys & Games ("
B000FGECAI,       ,4.7 out of 5 stars,"17,418 ratings", ,#583 in Toys & Games (
B0051YVEQY,    Temporarily out of stock.   ,4.3 out of 5 stars,24 ratings, ,"
        "
B08BHZPDVX,       ,,, ,
B0051YVCN4,11,4.3 out of 5 stars,239 ratings, ,"
        "
B0051YV7DY,       ,5.0 out of 5 stars,3 ratings, ,"
        "
B0963XTVRR,    Currently unavailable.   ,5.0 out of 5 stars,5 ratings, ,"#459,934 in Toys & Games ("
B08L5FCNYZ,    Currently unavailable.   ,4.0 out of 5 stars,1 rating, ,"#1,043,930 in Toys & Games ("
B084KLCTG4,       ,5.0 out of 5 stars,6 ratings, ,"#469,508 in Toys & Games ("
B00BVOEV5O,8,4.7 out of 5 stars,119 ratings,,
B0051YVKXG,    Temporarily out of stock.   ,2.9 out of 5 stars,43 ratings, ,"
        "
B00KEK38JQ,       ,4.5 out of 5 stars,175 ratings, ,"#137,437 in Toys & Games ("
B00DEFIHRG,       ,4.4 out of 5 stars,29 ratings, ,"#138,982 in Toys & Games ("
B08LS9FXH7,    Currently unavailable.   ,4.0 out of 5 stars,1 rating, ,"#881,552 in Toys & Games ("
B00DT1X03G,       ,4.5 out of 5 stars,29 ratings, ,"#197,141 in Toys & Games ("
B00AKELEJM,8,4.5 out of 5 stars,"1,010 ratings", ,"#20,531 in Toys & Games ("
B08L412H3Y,    Currently unavailable.   ,,, ,"#817,879 in Toys & Games ("
B08L57QN4C,    Currently unavailable.   ,,, ,"#951,164 in Toys & Games ("
B010GRO3BS,       ,3.4 out of 5 stars,5 ratings, ,"#924,019 in Toys & Games ("
B08L42FGKP,    Currently unavailable.   ,4.0 out of 5 stars,1 rating, ,"#726,895 in Toys & Games ("
B00T14SKCQ,       ,5.0 out of 5 stars,3 ratings, ,"#802,202 in Toys & Games ("
B08K3TJ6TF,       ,,, ,"#802,155 in Toys & Games ("
B000NX3MM2,       ,3.9 out of 5 stars,25 ratings, ,"#807,651 in Toys & Games ("
B01ENH3VYM,       ,4.3 out of 5 stars,326 ratings, ,"#161,727 in Toys & Games ("
B076SW4PCC,       ,4.1 out of 5 stars,3 ratings, ,"#907,551 in Toys & Games ("
B078JRWTF8,    Currently unavailable.   ,3.7 out of 5 stars,2 ratings,,
B0051YV2DO,       ,4.2 out of 5 stars,10 ratings, ,"
        "
B09642KC7B,    Currently unavailable.   ,4.7 out of 5 stars,10 ratings, ,"#471,493 in Toys & Games ("
B010W5F9U8,19,4.4 out of 5 stars,8 ratings, ,"#805,019 in Toys & Games ("
B08L5FPV6B,    Currently unavailable.   ,,, ,"#692,173 in Toys & Games ("
B011PWIDNW,    Currently unavailable.   ,4.1 out of 5 stars,7 ratings, ,"#390,886 in Toys & Games ("
B00ICLHKG6,       ,4.2 out of 5 stars,"2,218 ratings", ,"#122,852 in Toys & Games ("
B0051YUVYU,    Currently unavailable.   ,4.7 out of 5 stars,5 ratings, ,"
        "
B07ST2GLR8,       ,4.8 out of 5 stars,17 ratings, ,"#586,121 in Toys & Games ("
B08BFZ6JDT,       ,,, ,
B0B5LX5WVK,    Currently unavailable.   ,,, ,"#721,559 in Toys & Games ("
B07JRBX2T5,       ,,, ,"#628,368 in Toys & Games ("
B08KMHP6MG,    Currently unavailable.   ,5.0 out of 5 stars,2 ratings, ,"#798,698 in Toys & Games ("
B0051YV860,       ,3.4 out of 5 stars,5 ratings, ,"
        "
B08KYJ8X17,    Currently unavailable.   ,5.0 out of 5 stars,2 ratings, ,"#576,395 in Toys & Games ("
B08L5FL4T6,    Currently unavailable.   ,,, ,"#746,797 in Toys & Games ("
B09RVW81KD,       ,,, ,"#962,743 in Toys & Games ("
B000NX3MKE,       ,4.1 out of 5 stars,20 ratings, ,"#862,615 in Toys & Games ("
B077H31STN,    Currently unavailable.   ,,, ,"#908,604 in Toys & Games ("
B09TF614QH,    Currently unavailable.   ,5.0 out of 5 stars,1 rating, ,"#1,034,999 in Toys & Games ("
B0012PXPMW,16,4.4 out of 5 stars,484 ratings, ,"#168,107 in Toys & Games ("
B08JZ1X5F5,    Currently unavailable.   ,4.7 out of 5 stars,42 ratings, ,"#322,149 in Toys & Games ("
B0719G3Y22,       ,,, ,"#983,124 in Toys & Games ("
B08NQ1NQP4,       ,,, ,"#1,017,513 in Toys & Games ("
B07HN7WD9T,21,4.6 out of 5 stars,81 ratings, ,"#548,160 in Toys & Games ("
B09ZNZXXFP,    Currently unavailable.   ,,, ,"#1,026,057 in Toys & Games ("
B00HYMN7PC,    Currently unavailable.   ,4.0 out of 5 stars,197 ratings, ,"
        "
B08L5F9Y5F,    Currently unavailable.   ,5.0 out of 5 stars,1 rating, ,"#256,972 in Toys & Games ("
B08725C389,    Currently unavailable.   ,4.6 out of 5 stars,6 ratings, ,"#602,205 in Toys & Games ("
B09MLVQB6J,    Currently unavailable.   ,,, ,"#976,154 in Toys & Games ("
B0B4RB4PX9,    Currently unavailable.   ,,, ,"#915,940 in Toys & Games ("
B08FH8VQ9W,    Currently unavailable.   ,,, ,"#463,495 in Toys & Games ("
B087FB49DS,    Currently unavailable.   ,5.0 out of 5 stars,2 ratings, ,"#1,009,816 in Toys & Games ("
B09VXGFY1V,    Currently unavailable.   ,,, ,"#1,135,741 in Toys & Games ("
B0957TQYSJ,    Currently unavailable.   ,4.6 out of 5 stars,59 ratings, ,"#200,798 in Toys & Games ("
B09WVLWWXD,    Currently unavailable.   ,,, ,"#1,107,332 in Toys & Games ("
B0957XQHSS,    Currently unavailable.   ,4.5 out of 5 stars,2 ratings, ,"#425,183 in Toys & Games ("
B0957TNZ5F,    Currently unavailable.   ,5.0 out of 5 stars,22 ratings, ,"#361,763 in Toys & Games ("
B08KMJWDSC,    Currently unavailable.   ,5.0 out of 5 stars,2 ratings, ,"#297,544 in Toys & Games ("
B086J8V8FB,39,4.7 out of 5 stars,3 ratings, ,"
        "
B0957VCXRD,    Currently unavailable.   ,5.0 out of 5 stars,1 rating, ,"#446,067 in Toys & Games ("
B09FG5L5ZX,22,4.6 out of 5 stars,936 ratings, ,"
        "
B0957XF8VC,    Currently unavailable.   ,5.0 out of 5 stars,1 rating, ,"#303,954 in Toys & Games ("
B08L4Q79Z1,    Currently unavailable.   ,5.0 out of 5 stars,3 ratings, ,"#335,396 in Toys & Games ("
B09581ZF8P,    Currently unavailable.   ,4.1 out of 5 stars,6 ratings, ,"#272,932 in Toys & Games ("
B09PH9LDH6,       ,,, ,"#861,468 in Toys & Games ("
B09PYCM5NK,    Currently unavailable.   ,4.4 out of 5 stars,39 ratings, ,"#47,591 in Toys & Games ("
B07XZH9CCD,    Temporarily out of stock.   ,5.0 out of 5 stars,1 rating, ,"
        "
B004W6PUOO,       ,4.0 out of 5 stars,76 ratings, ,"#464,698 in Toys & Games ("
B09YR44M7T,       ,,, ,"#724,189 in Toys & Games ("
B00BKW3CCK,29,4.4 out of 5 stars,236 ratings, ,"#428,040 in Toys & Games ("
B08467TLWS,    Temporarily out of stock.   ,4.5 out of 5 stars,42 ratings, ,"#195,729 in Toys & Games ("
B072L6WZWV,       ,5.0 out of 5 stars,4 ratings, ,"#720,401 in Toys & Games ("
B08881NW2R,       ,5.0 out of 5 stars,1 rating, ,"#656,681 in Toys & Games ("
B09W44HYMB,    Temporarily out of stock.   ,5.0 out of 5 stars,1 rating, ,"#134,120 in Toys & Games ("
B07NFDPX95,       ,4.6 out of 5 stars,42 ratings, ,"#526,422 in Toys & Games ("
B07Q3F173P,       ,4.4 out of 5 stars,35 ratings, ,"#429,231 in Toys & Games ("
B08BHZ863S,       ,5.0 out of 5 stars,2 ratings, ,"
        "
B01N48EBGG,18,4.4 out of 5 stars,288 ratings, ,"#38,471 in Toys & Games ("
B0120Y6V6U,       ,4.3 out of 5 stars,68 ratings, ,"#484,509 in Toys & Games ("
B09L364H5J,    Currently unavailable.   ,,, ,"#826,865 in Toys & Games ("
B07R324678,       ,4.9 out of 5 stars,31 ratings, ,"#176,732 in Toys & Games ("
B0957ZCKWS,    Currently unavailable.   ,4.7 out of 5 stars,399 ratings, ,"#40,448 in Toys & Games ("
B09QBR1XGX,       ,4.7 out of 5 stars,15 ratings, ,"#43,879 in Toys & Games ("
B0957YHJLF,    Currently unavailable.   ,4.7 out of 5 stars,84 ratings, ,"#26,972 in Toys & Games ("
B001PGWDQM,31,3.7 out of 5 stars,82 ratings, ,"#498,821 in Toys & Games ("
B01LZTA1MW,9,5.0 out of 5 stars,3 ratings, ,"#198,217 in Toys & Games ("
B0749VGR6Q,    Currently unavailable.   ,3.5 out of 5 stars,94 ratings, ,"#224,958 in Toys & Games ("
B004LYSDKK,    Currently unavailable.   ,3.8 out of 5 stars,31 ratings, ,"#615,216 in Toys & Games ("
B087JCTK9F,14,,," Sizes (in Inches): 8x10, 12x16, 11x17, 16x20, 18x24, 20x30 and 24x36  ",
B09ZQBFJPS,       ,,, ,"#643,288 in Toys & Games ("
B0B38XT6JV,       ,,, ,"#167,784 in Toys & Games ("
B0B1HB6B8F,       ,,,,"#260,750 in Toys & Games ("
B095XL83VR,15,4.6 out of 5 stars,85 ratings, ,"#124,317 in Toys & Games ("
B0BC3YCCM7,       ,,, ,
B0B5YF26M9,       ,5.0 out of 5 stars,4 ratings, ,"#340,673 in Toys & Games ("
B00IQQ238M,    Currently unavailable.   ,4.2 out of 5 stars,163 ratings, ,"#393,641 in Toys & Games ("
B077XH61NH,17,4.7 out of 5 stars,721 ratings, ,"#113,506 in Toys & Games ("
B091KB5X3W,    Temporarily out of stock.   ,4.6 out of 5 stars,956 ratings, ,"#55,233 in Toys & Games ("
B09B54BM8N,       ,,, ,"#666,759 in Toys & Games ("
B08TW74RZ7,    Temporarily out of stock.   ,4.3 out of 5 stars,22 ratings, ,"#309,483 in Toys & Games ("
B00DEFII3O,20,4.6 out of 5 stars,642 ratings, ,"#104,829 in Toys & Games ("
B0953KDH23,11,4.5 out of 5 stars,369 ratings, ,"#130,242 in Toys & Games ("
B01IMOD52K,20,4.5 out of 5 stars,173 ratings,,"#122,902 in Toys & Games ("
B0918KZC9N,       ,4.3 out of 5 stars,17 ratings, ,"#324,046 in Toys & Games ("
B08CY54GJC,       ,4.6 out of 5 stars,261 ratings, ,"#95,719 in Toys & Games ("
B09WQ7BQVX,7,3.8 out of 5 stars,13 ratings,,
1697516866,15,4.3 out of 5 stars,216 ratings,,
B00000IZKX,2,4.5 out of 5 stars,"28,429 ratings", ,#45 in Toys & Games (
B07NFRB7PL,23,4.6 out of 5 stars,"6,773 ratings", ,"#1,003 in Toys & Games ("
B084Z7JZF1,    Currently unavailable.   ,4.8 out of 5 stars,145 ratings, ,"#61,836 in Toys & Games ("
B08DFBKMXG,    Currently unavailable.   ,4.6 out of 5 stars,123 ratings, ,"#45,528 in Toys & Games ("
B07W5QM4DP,    Currently unavailable.   ,4.6 out of 5 stars,"38,787 ratings", ,#11 in Toys & Games (
B079VRX4YN,       ,4.2 out of 5 stars,50 ratings, ,"#113,789 in Toys & Games ("
B07JVDHYPB,       ,3.5 out of 5 stars,22 ratings, ,"#149,689 in Toys & Games ("
B072PTC2RN,       ,2.3 out of 5 stars,12 ratings,,
B07MMP1XCZ,       ,4.7 out of 5 stars,543 ratings, ,"#228,541 in Toys & Games ("
B07W7TGWDR,10,4.5 out of 5 stars,"3,699 ratings", ,"#9,610 in Toys & Games ("
B085CF43X2,       ,4.2 out of 5 stars,351 ratings, ,"#134,734 in Toys & Games ("
B00TVM6CMS,11,4.5 out of 5 stars,495 ratings, ,"#31,400 in Toys & Games ("
B0971ZBCMH,11,4.6 out of 5 stars,11 ratings, ,"#112,967 in Toys & Games ("
B0971XRB81,15,4.7 out of 5 stars,207 ratings, ,"#75,398 in Toys & Games ("
B009UFG67W,    Currently unavailable.   ,4.4 out of 5 stars,190 ratings, ,"#97,284 in Toys & Games ("
B09NGQ8PT8,    Currently unavailable.   ,3.8 out of 5 stars,21 ratings, ,"#40,136 in Toys & Games ("
B07Q2WN174,    Currently unavailable.   ,4.7 out of 5 stars,870 ratings, ,"#68,717 in Toys & Games ("
B0953LVZ9D,9,4.5 out of 5 stars,242 ratings, ,"#67,955 in Toys & Games ("
B01EXJW7W2,       ,4.4 out of 5 stars,364 ratings, ,"#26,763 in Toys & Games ("
B092W5LRDJ,18,4.5 out of 5 stars,899 ratings, ,"#15,439 in Toys & Games ("
B06XQMRRX5,15,4.5 out of 5 stars,"2,768 ratings", ,"#2,152 in Toys & Games ("
B0B2D8PYDZ,    Currently unavailable.   ,4.9 out of 5 stars,16 ratings, ,"#20,371 in Toys & Games ("
B09NZKSSQX,    Currently unavailable.   ,4.8 out of 5 stars,17 ratings, ,"#142,016 in Toys & Games ("
B07YYFHBPH,    Temporarily out of stock.   ,4.5 out of 5 stars,"1,285 ratings", ,"#6,043 in Toys & Games ("
B07H2FBXZG,10,4.6 out of 5 stars,"6,251 ratings", ,"#4,652 in Toys & Games ("
B07WMB54CC,11,4.7 out of 5 stars,"1,637 ratings", ,"#14,095 in Toys & Games ("
B09FX2WLD5,11,4.8 out of 5 stars,59 ratings, ,"#58,733 in Toys & Games ("
B09J9ZCN1L,    Temporarily out of stock.   ,4.6 out of 5 stars,76 ratings, ,"#14,145 in Toys & Games ("
B07WDCYRVV,5,4.3 out of 5 stars,"1,420 ratings", ,"#7,284 in Toys & Games ("
B092W7D64G,18,4.7 out of 5 stars,"45,158 ratings", ,#49 in Toys & Games (
B092W69J9P,9,4.7 out of 5 stars,691 ratings, ,"#1,082 in Toys & Games ("
B08J16B5H2,11,4.0 out of 5 stars,263 ratings,,
